model,BLEU-1,BLEU-2,BLEU-3,BLEU-4
rnn,0.5216886826133523,0.3414191731281969,0.2133690984155749,0.1356543538095665
gru,0.5661498468108811,0.38536342527554046,0.2530470456656556,0.165292246741152
lstm,0.5358657243816255,0.36051103748964647,0.2335056170986098,0.15234486961586324
lstm_dropout,0.555640828856485,0.37483614065247317,0.24381557474415763,0.1587111479390677
